-- phpMyAdmin SQL Dump
-- version 5.2.1
-- https://www.phpmyadmin.net/
--
-- Servidor: 127.0.0.1
-- Tiempo de generación: 07-05-2025 a las 02:42:09
-- Versión del servidor: 10.4.32-MariaDB
-- Versión de PHP: 8.2.12

SET SQL_MODE = "NO_AUTO_VALUE_ON_ZERO";
START TRANSACTION;
SET time_zone = "+00:00";


/*!40101 SET @OLD_CHARACTER_SET_CLIENT=@@CHARACTER_SET_CLIENT */;
/*!40101 SET @OLD_CHARACTER_SET_RESULTS=@@CHARACTER_SET_RESULTS */;
/*!40101 SET @OLD_COLLATION_CONNECTION=@@COLLATION_CONNECTION */;
/*!40101 SET NAMES utf8mb4 */;

--
-- Base de datos: `nutrikids2`
--

-- --------------------------------------------------------

--
-- Estructura de tabla para la tabla `categorias`
--

CREATE TABLE `categorias` (
  `id_categoria` smallint(4) NOT NULL,
  `categoria` set('BEBIDAS FRIAS','BEBIDAS CALIENTES','POSTRES','FRUTAS','PANES') NOT NULL,
  `imagen` varchar(500) NOT NULL
) ENGINE=InnoDB DEFAULT CHARSET=utf8mb4 COLLATE=utf8mb4_general_ci;

-- --------------------------------------------------------

--
-- Estructura de tabla para la tabla `detalles_estudiantes_escuela`
--

CREATE TABLE `detalles_estudiantes_escuela` (
  `id_det_students_esc` int(11) NOT NULL,
  `documento` int(11) NOT NULL,
  `id_escuela` smallint(3) NOT NULL
) ENGINE=InnoDB DEFAULT CHARSET=utf8mb4 COLLATE=utf8mb4_general_ci;

-- --------------------------------------------------------

--
-- Estructura de tabla para la tabla `detalles_menu`
--

CREATE TABLE `detalles_menu` (
  `id_det_menu` int(11) NOT NULL,
  `cantidad` int(3) NOT NULL,
  `id_menu` smallint(4) NOT NULL,
  `id_producto` bigint(10) NOT NULL,
  `id_estado` smallint(3) NOT NULL,
  `subtotal` decimal(10,2) NOT NULL
) ENGINE=InnoDB DEFAULT CHARSET=utf8mb4 COLLATE=utf8mb4_general_ci;

-- --------------------------------------------------------

--
-- Estructura de tabla para la tabla `detalles_pedidos_producto`
--

CREATE TABLE `detalles_pedidos_producto` (
  `id_det_ped_prod` int(11) NOT NULL,
  `id_pedido` int(11) NOT NULL,
  `documento_est` int(11) NOT NULL,
  `id_menu` smallint(4) NOT NULL,
  `id_producto` bigint(10) NOT NULL,
  `cantidad` int(3) NOT NULL,
  `subtotal` decimal(10,2) NOT NULL
) ENGINE=InnoDB DEFAULT CHARSET=utf8mb4 COLLATE=utf8mb4_general_ci;

-- --------------------------------------------------------

--
-- Estructura de tabla para la tabla `detalles_usuarios_escuela`
--

CREATE TABLE `detalles_usuarios_escuela` (
  `id_det_users_esc` int(11) NOT NULL,
  `documento` int(11) NOT NULL,
  `id_escuela` smallint(3) NOT NULL
) ENGINE=InnoDB DEFAULT CHARSET=utf8mb4 COLLATE=utf8mb4_general_ci;

--
-- Volcado de datos para la tabla `detalles_usuarios_escuela`
--

INSERT INTO `detalles_usuarios_escuela` (`id_det_users_esc`, `documento`, `id_escuela`) VALUES
(1, 1234567891, 1),
(2, 1234567892, 2);

-- --------------------------------------------------------

--
-- Estructura de tabla para la tabla `escuelas`
--

CREATE TABLE `escuelas` (
  `id_escuela` smallint(3) NOT NULL,
  `nombre_escuela` varchar(255) NOT NULL,
  `email_esc` varchar(100) NOT NULL,
  `telefono_esc` int(12) NOT NULL,
  `imagen_esc` varchar(500) NOT NULL
) ENGINE=InnoDB DEFAULT CHARSET=utf8mb4 COLLATE=utf8mb4_general_ci;

--
-- Volcado de datos para la tabla `escuelas`
--

INSERT INTO `escuelas` (`id_escuela`, `nombre_escuela`, `email_esc`, `telefono_esc`, `imagen_esc`) VALUES
(1, 'Escuela Primaria San José', 'escuela1@example.com', 1122331122, 'san_jose.jpg'),
(2, 'Colegio Santa María', 'escuela2@example.com', 1133441133, 'santa_maria.jpg'),
(3, 'Instituto Técnico del Valle', 'escuela3@example.com', 1144551144, 'tecnico_valle.jpg'),
(4, 'Jose Antonio Ricaurte', 'escuela4@example.com', 1155667789, 'unnamed.jpg');

-- --------------------------------------------------------

--
-- Estructura de tabla para la tabla `estados`
--

CREATE TABLE `estados` (
  `id_estado` smallint(4) NOT NULL,
  `estado` set('pendiente','entregado','activo','inactivo','no entregado') NOT NULL
) ENGINE=InnoDB DEFAULT CHARSET=utf8mb4 COLLATE=utf8mb4_general_ci;

--
-- Volcado de datos para la tabla `estados`
--

INSERT INTO `estados` (`id_estado`, `estado`) VALUES
(1, 'activo'),
(2, 'inactivo');

-- --------------------------------------------------------

--
-- Estructura de tabla para la tabla `estado_licencia`
--

CREATE TABLE `estado_licencia` (
  `id_estado_licencia` int(11) NOT NULL,
  `nombre` varchar(100) NOT NULL,
  `id_licencia` int(11) NOT NULL
) ENGINE=InnoDB DEFAULT CHARSET=utf8mb4 COLLATE=utf8mb4_general_ci;

--
-- Volcado de datos para la tabla `estado_licencia`
--

INSERT INTO `estado_licencia` (`id_estado_licencia`, `nombre`, `id_licencia`) VALUES
(1, 'Activa', 1),
(2, 'Activa', 2),
(3, 'Activa', 3);

-- --------------------------------------------------------

--
-- Estructura de tabla para la tabla `estudiantes`
--

CREATE TABLE `estudiantes` (
  `documento_est` int(11) NOT NULL,
  `nombre` varchar(25) NOT NULL,
  `apellido` varchar(25) NOT NULL,
  `email` varchar(25) NOT NULL,
  `telefono` int(12) NOT NULL,
  `imagen` varchar(500) NOT NULL,
  `documento` int(11) NOT NULL,
  `id_estado` smallint(4) NOT NULL
) ENGINE=InnoDB DEFAULT CHARSET=utf8mb4 COLLATE=utf8mb4_general_ci;

-- --------------------------------------------------------

--
-- Estructura de tabla para la tabla `informacion_nutricional`
--

CREATE TABLE `informacion_nutricional` (
  `id_nutricion` int(11) NOT NULL,
  `id_producto` bigint(10) NOT NULL,
  `calorias` decimal(6,2) NOT NULL,
  `proteinas` decimal(6,2) DEFAULT 0.00,
  `carbohidratos` decimal(6,2) DEFAULT 0.00,
  `grasas` decimal(6,2) DEFAULT 0.00,
  `azucares` decimal(6,2) DEFAULT 0.00,
  `sodio` decimal(6,2) DEFAULT 0.00
) ENGINE=InnoDB DEFAULT CHARSET=utf8mb4 COLLATE=utf8mb4_general_ci;

-- --------------------------------------------------------

--
-- Estructura de tabla para la tabla `licencias`
--

CREATE TABLE `licencias` (
  `id_licencia` int(11) NOT NULL,
  `fecha_inicio` date NOT NULL,
  `fecha_fin` date NOT NULL,
  `id_tipo` int(11) NOT NULL,
  `id_escuela` smallint(3) NOT NULL
) ENGINE=InnoDB DEFAULT CHARSET=utf8mb4 COLLATE=utf8mb4_general_ci;

--
-- Volcado de datos para la tabla `licencias`
--

INSERT INTO `licencias` (`id_licencia`, `fecha_inicio`, `fecha_fin`, `id_tipo`, `id_escuela`) VALUES
(1, '2025-01-01', '2025-06-30', 1, 1),
(2, '2025-01-01', '2025-12-11', 2, 2),
(3, '2025-01-01', '2026-12-31', 3, 3),
(4, '2025-05-08', '2025-06-07', 1, 4);

-- --------------------------------------------------------

--
-- Estructura de tabla para la tabla `marcas`
--

CREATE TABLE `marcas` (
  `id_marca` smallint(6) NOT NULL,
  `marca` set('Colombina','Alpina','Zenú','Quala','Noel') NOT NULL
) ENGINE=InnoDB DEFAULT CHARSET=utf8mb4 COLLATE=utf8mb4_general_ci;

-- --------------------------------------------------------

--
-- Estructura de tabla para la tabla `menus`
--

CREATE TABLE `menus` (
  `id_menu` smallint(4) NOT NULL,
  `nombre_menu` varchar(25) NOT NULL,
  `imagen` varchar(500) NOT NULL,
  `precio` decimal(10,2) NOT NULL
) ENGINE=InnoDB DEFAULT CHARSET=utf8mb4 COLLATE=utf8mb4_general_ci;

-- --------------------------------------------------------

--
-- Estructura de tabla para la tabla `metodos_pago`
--

CREATE TABLE `metodos_pago` (
  `id_met_pago` smallint(4) NOT NULL,
  `metodo` varchar(50) NOT NULL
) ENGINE=InnoDB DEFAULT CHARSET=utf8mb4 COLLATE=utf8mb4_general_ci;

--
-- Volcado de datos para la tabla `metodos_pago`
--

INSERT INTO `metodos_pago` (`id_met_pago`, `metodo`) VALUES
(1, 'Tarjeta de crédito'),
(2, 'Transacción'),
(3, 'Tarjeta de debito');

-- --------------------------------------------------------

--
-- Estructura de tabla para la tabla `pedidos`
--

CREATE TABLE `pedidos` (
  `id_pedidos` int(11) NOT NULL,
  `dia` set('lunes','martes','miercoles','jueves','viernes') NOT NULL,
  `documento` int(11) NOT NULL,
  `total_pedido` decimal(10,2) NOT NULL,
  `id_met_pago` smallint(4) NOT NULL,
  `fecha_ini` timestamp NOT NULL DEFAULT current_timestamp(),
  `fecha_fin` timestamp NOT NULL DEFAULT current_timestamp(),
  `id_estado` smallint(4) NOT NULL
) ENGINE=InnoDB DEFAULT CHARSET=utf8mb4 COLLATE=utf8mb4_general_ci;

-- --------------------------------------------------------

--
-- Estructura de tabla para la tabla `producto`
--

CREATE TABLE `producto` (
  `id_producto` bigint(10) NOT NULL,
  `nombre_prod` varchar(25) NOT NULL,
  `descripcion` varchar(50) NOT NULL,
  `precio` decimal(10,0) NOT NULL,
  `imagen_prod` varchar(500) NOT NULL,
  `cantidad_alm` bigint(8) NOT NULL,
  `id_categoria` smallint(4) NOT NULL,
  `id_marca` smallint(6) NOT NULL
) ENGINE=InnoDB DEFAULT CHARSET=utf8mb4 COLLATE=utf8mb4_general_ci;

-- --------------------------------------------------------

--
-- Estructura de tabla para la tabla `roles`
--

CREATE TABLE `roles` (
  `id_rol` smallint(5) NOT NULL,
  `rol` set('administrador','vendedor','acudiente','director') NOT NULL
) ENGINE=InnoDB DEFAULT CHARSET=utf8mb4 COLLATE=utf8mb4_general_ci;

--
-- Volcado de datos para la tabla `roles`
--

INSERT INTO `roles` (`id_rol`, `rol`) VALUES
(1, 'administrador'),
(2, 'director'),
(3, 'vendedor'),
(4, 'acudiente');

-- --------------------------------------------------------

--
-- Estructura de tabla para la tabla `tipo_licencia`
--

CREATE TABLE `tipo_licencia` (
  `id_tipo` int(11) NOT NULL,
  `tipo` varchar(50) NOT NULL,
  `precio` decimal(10,2) NOT NULL DEFAULT 0.00
) ENGINE=InnoDB DEFAULT CHARSET=utf8mb4 COLLATE=utf8mb4_general_ci;

--
-- Volcado de datos para la tabla `tipo_licencia`
--

INSERT INTO `tipo_licencia` (`id_tipo`, `tipo`, `precio`) VALUES
(1, 'Básica', 100.00),
(2, 'Estándar', 200.00),
(3, 'Premium', 300.00);

-- --------------------------------------------------------

--
-- Estructura de tabla para la tabla `usuarios`
--

CREATE TABLE `usuarios` (
  `documento` int(11) NOT NULL,
  `nombre` varchar(25) NOT NULL,
  `apellido` varchar(25) NOT NULL,
  `email` varchar(25) NOT NULL,
  `telefono` int(12) NOT NULL,
  `password` varchar(200) NOT NULL,
  `imagen` varchar(500) DEFAULT NULL,
  `id_rol` smallint(5) NOT NULL,
  `id_estado` smallint(4) NOT NULL
) ENGINE=InnoDB DEFAULT CHARSET=utf8mb4 COLLATE=utf8mb4_general_ci;

--
-- Volcado de datos para la tabla `usuarios`
--

INSERT INTO `usuarios` (`documento`, `nombre`, `apellido`, `email`, `telefono`, `password`, `imagen`, `id_rol`, `id_estado`) VALUES
(1073155246, 'fabian', 'martinez', 'edwinfabian.2006tmpg@gmai', 1149483647, '$2y$10$jfe.veAVOAxduyJ1HE/2zeaSzyRzw3/b1xzPxNh4Uc9uigYBsFqVS', 'WIN_20240829_09_04_28_Pro.jpg', 3, 1),
(1234567890, 'Kant', 'Arboles', 'kantarboles@example.com', 1122334455, '$2y$10$qXmbbUeOphz2ZG1AAjKjgO6RL.Ld3x7rLq4X1qQCwoIe10Gcd7I9C', NULL, 1, 1),
(1234567891, 'Falso', 'Falsedad', 'falso@example.com', 1145483647, '$2y$10$.RyjgDP7pVOmcJSXfHuJvuNMPpLCUWteMVQelzvBRWrmnICuiXl/i', NULL, 2, 1),
(1234567892, 'Anna', 'Victoria', 'anna@example.com', 1147483648, '$2y$10$DaBINhYv9qmIO3tGyAMLlOdMiP5ZeSxpwB5KOYDoct3YVrpk52Ysi', NULL, 2, 2);

--
-- Índices para tablas volcadas
--

--
-- Indices de la tabla `categorias`
--
ALTER TABLE `categorias`
  ADD PRIMARY KEY (`id_categoria`);

--
-- Indices de la tabla `detalles_estudiantes_escuela`
--
ALTER TABLE `detalles_estudiantes_escuela`
  ADD PRIMARY KEY (`id_det_students_esc`),
  ADD KEY `documento` (`documento`),
  ADD KEY `id_escuela` (`id_escuela`);

--
-- Indices de la tabla `detalles_menu`
--
ALTER TABLE `detalles_menu`
  ADD PRIMARY KEY (`id_det_menu`),
  ADD KEY `id_menu` (`id_menu`),
  ADD KEY `id_producto` (`id_producto`),
  ADD KEY `id_estado` (`id_estado`);

--
-- Indices de la tabla `detalles_pedidos_producto`
--
ALTER TABLE `detalles_pedidos_producto`
  ADD PRIMARY KEY (`id_det_ped_prod`),
  ADD KEY `id_pedido` (`id_pedido`),
  ADD KEY `documento_est` (`documento_est`),
  ADD KEY `id_menu` (`id_menu`),
  ADD KEY `id_producto` (`id_producto`);

--
-- Indices de la tabla `detalles_usuarios_escuela`
--
ALTER TABLE `detalles_usuarios_escuela`
  ADD PRIMARY KEY (`id_det_users_esc`),
  ADD KEY `documento` (`documento`),
  ADD KEY `id_escuela` (`id_escuela`);

--
-- Indices de la tabla `escuelas`
--
ALTER TABLE `escuelas`
  ADD PRIMARY KEY (`id_escuela`);

--
-- Indices de la tabla `estados`
--
ALTER TABLE `estados`
  ADD PRIMARY KEY (`id_estado`);

--
-- Indices de la tabla `estado_licencia`
--
ALTER TABLE `estado_licencia`
  ADD PRIMARY KEY (`id_estado_licencia`),
  ADD KEY `id_licencia` (`id_licencia`);

--
-- Indices de la tabla `estudiantes`
--
ALTER TABLE `estudiantes`
  ADD PRIMARY KEY (`documento_est`),
  ADD KEY `documento` (`documento`),
  ADD KEY `id_estado` (`id_estado`);

--
-- Indices de la tabla `informacion_nutricional`
--
ALTER TABLE `informacion_nutricional`
  ADD PRIMARY KEY (`id_nutricion`),
  ADD KEY `id_producto` (`id_producto`);

--
-- Indices de la tabla `licencias`
--
ALTER TABLE `licencias`
  ADD PRIMARY KEY (`id_licencia`),
  ADD KEY `id_tipo` (`id_tipo`),
  ADD KEY `id_escuela` (`id_escuela`);

--
-- Indices de la tabla `marcas`
--
ALTER TABLE `marcas`
  ADD PRIMARY KEY (`id_marca`);

--
-- Indices de la tabla `menus`
--
ALTER TABLE `menus`
  ADD PRIMARY KEY (`id_menu`);

--
-- Indices de la tabla `metodos_pago`
--
ALTER TABLE `metodos_pago`
  ADD PRIMARY KEY (`id_met_pago`);

--
-- Indices de la tabla `pedidos`
--
ALTER TABLE `pedidos`
  ADD PRIMARY KEY (`id_pedidos`),
  ADD KEY `documento` (`documento`),
  ADD KEY `id_met_pago` (`id_met_pago`),
  ADD KEY `id_estado` (`id_estado`);

--
-- Indices de la tabla `producto`
--
ALTER TABLE `producto`
  ADD PRIMARY KEY (`id_producto`),
  ADD KEY `id_categoria` (`id_categoria`),
  ADD KEY `id_marca` (`id_marca`);

--
-- Indices de la tabla `roles`
--
ALTER TABLE `roles`
  ADD PRIMARY KEY (`id_rol`);

--
-- Indices de la tabla `tipo_licencia`
--
ALTER TABLE `tipo_licencia`
  ADD PRIMARY KEY (`id_tipo`);

--
-- Indices de la tabla `usuarios`
--
ALTER TABLE `usuarios`
  ADD PRIMARY KEY (`documento`),
  ADD KEY `id_rol` (`id_rol`),
  ADD KEY `id_estado` (`id_estado`);

--
-- AUTO_INCREMENT de las tablas volcadas
--

--
-- AUTO_INCREMENT de la tabla `categorias`
--
ALTER TABLE `categorias`
  MODIFY `id_categoria` smallint(4) NOT NULL AUTO_INCREMENT;

--
-- AUTO_INCREMENT de la tabla `detalles_estudiantes_escuela`
--
ALTER TABLE `detalles_estudiantes_escuela`
  MODIFY `id_det_students_esc` int(11) NOT NULL AUTO_INCREMENT;

--
-- AUTO_INCREMENT de la tabla `detalles_menu`
--
ALTER TABLE `detalles_menu`
  MODIFY `id_det_menu` int(11) NOT NULL AUTO_INCREMENT;

--
-- AUTO_INCREMENT de la tabla `detalles_pedidos_producto`
--
ALTER TABLE `detalles_pedidos_producto`
  MODIFY `id_det_ped_prod` int(11) NOT NULL AUTO_INCREMENT;

--
-- AUTO_INCREMENT de la tabla `detalles_usuarios_escuela`
--
ALTER TABLE `detalles_usuarios_escuela`
  MODIFY `id_det_users_esc` int(11) NOT NULL AUTO_INCREMENT, AUTO_INCREMENT=3;

--
-- AUTO_INCREMENT de la tabla `escuelas`
--
ALTER TABLE `escuelas`
  MODIFY `id_escuela` smallint(3) NOT NULL AUTO_INCREMENT, AUTO_INCREMENT=5;

--
-- AUTO_INCREMENT de la tabla `estados`
--
ALTER TABLE `estados`
  MODIFY `id_estado` smallint(4) NOT NULL AUTO_INCREMENT, AUTO_INCREMENT=3;

--
-- AUTO_INCREMENT de la tabla `estado_licencia`
--
ALTER TABLE `estado_licencia`
  MODIFY `id_estado_licencia` int(11) NOT NULL AUTO_INCREMENT, AUTO_INCREMENT=4;

--
-- AUTO_INCREMENT de la tabla `informacion_nutricional`
--
ALTER TABLE `informacion_nutricional`
  MODIFY `id_nutricion` int(11) NOT NULL AUTO_INCREMENT;

--
-- AUTO_INCREMENT de la tabla `licencias`
--
ALTER TABLE `licencias`
  MODIFY `id_licencia` int(11) NOT NULL AUTO_INCREMENT, AUTO_INCREMENT=5;

--
-- AUTO_INCREMENT de la tabla `marcas`
--
ALTER TABLE `marcas`
  MODIFY `id_marca` smallint(6) NOT NULL AUTO_INCREMENT;

--
-- AUTO_INCREMENT de la tabla `menus`
--
ALTER TABLE `menus`
  MODIFY `id_menu` smallint(4) NOT NULL AUTO_INCREMENT;

--
-- AUTO_INCREMENT de la tabla `metodos_pago`
--
ALTER TABLE `metodos_pago`
  MODIFY `id_met_pago` smallint(4) NOT NULL AUTO_INCREMENT, AUTO_INCREMENT=4;

--
-- AUTO_INCREMENT de la tabla `pedidos`
--
ALTER TABLE `pedidos`
  MODIFY `id_pedidos` int(11) NOT NULL AUTO_INCREMENT;

--
-- AUTO_INCREMENT de la tabla `producto`
--
ALTER TABLE `producto`
  MODIFY `id_producto` bigint(10) NOT NULL AUTO_INCREMENT;

--
-- AUTO_INCREMENT de la tabla `roles`
--
ALTER TABLE `roles`
  MODIFY `id_rol` smallint(5) NOT NULL AUTO_INCREMENT, AUTO_INCREMENT=5;

--
-- AUTO_INCREMENT de la tabla `tipo_licencia`
--
ALTER TABLE `tipo_licencia`
  MODIFY `id_tipo` int(11) NOT NULL AUTO_INCREMENT, AUTO_INCREMENT=4;

--
-- Restricciones para tablas volcadas
--

--
-- Filtros para la tabla `detalles_estudiantes_escuela`
--
ALTER TABLE `detalles_estudiantes_escuela`
  ADD CONSTRAINT `detalles_estudiantes_escuela_ibfk_1` FOREIGN KEY (`documento`) REFERENCES `usuarios` (`documento`) ON DELETE CASCADE ON UPDATE CASCADE,
  ADD CONSTRAINT `detalles_estudiantes_escuela_ibfk_2` FOREIGN KEY (`id_escuela`) REFERENCES `escuelas` (`id_escuela`) ON DELETE CASCADE ON UPDATE CASCADE;

--
-- Filtros para la tabla `detalles_menu`
--
ALTER TABLE `detalles_menu`
  ADD CONSTRAINT `detalles_menu_ibfk_1` FOREIGN KEY (`id_menu`) REFERENCES `menus` (`id_menu`) ON DELETE CASCADE ON UPDATE CASCADE,
  ADD CONSTRAINT `detalles_menu_ibfk_2` FOREIGN KEY (`id_producto`) REFERENCES `producto` (`id_producto`) ON DELETE CASCADE ON UPDATE CASCADE,
  ADD CONSTRAINT `detalles_menu_ibfk_3` FOREIGN KEY (`id_estado`) REFERENCES `estados` (`id_estado`) ON DELETE CASCADE ON UPDATE CASCADE;

--
-- Filtros para la tabla `detalles_pedidos_producto`
--
ALTER TABLE `detalles_pedidos_producto`
  ADD CONSTRAINT `detalles_pedidos_producto_ibfk_1` FOREIGN KEY (`id_pedido`) REFERENCES `pedidos` (`id_pedidos`) ON DELETE CASCADE ON UPDATE CASCADE,
  ADD CONSTRAINT `detalles_pedidos_producto_ibfk_2` FOREIGN KEY (`documento_est`) REFERENCES `estudiantes` (`documento_est`) ON DELETE CASCADE ON UPDATE CASCADE,
  ADD CONSTRAINT `detalles_pedidos_producto_ibfk_3` FOREIGN KEY (`id_menu`) REFERENCES `menus` (`id_menu`) ON DELETE CASCADE ON UPDATE CASCADE,
  ADD CONSTRAINT `detalles_pedidos_producto_ibfk_4` FOREIGN KEY (`id_producto`) REFERENCES `producto` (`id_producto`) ON DELETE CASCADE ON UPDATE CASCADE;

--
-- Filtros para la tabla `detalles_usuarios_escuela`
--
ALTER TABLE `detalles_usuarios_escuela`
  ADD CONSTRAINT `detalles_usuarios_escuela_ibfk_1` FOREIGN KEY (`documento`) REFERENCES `usuarios` (`documento`) ON DELETE CASCADE ON UPDATE CASCADE,
  ADD CONSTRAINT `detalles_usuarios_escuela_ibfk_2` FOREIGN KEY (`id_escuela`) REFERENCES `escuelas` (`id_escuela`) ON DELETE CASCADE ON UPDATE CASCADE;

--
-- Filtros para la tabla `estado_licencia`
--
ALTER TABLE `estado_licencia`
  ADD CONSTRAINT `estado_licencia_ibfk_1` FOREIGN KEY (`id_licencia`) REFERENCES `licencias` (`id_licencia`) ON DELETE CASCADE ON UPDATE CASCADE;

--
-- Filtros para la tabla `estudiantes`
--
ALTER TABLE `estudiantes`
  ADD CONSTRAINT `estudiantes_ibfk_1` FOREIGN KEY (`documento`) REFERENCES `usuarios` (`documento`) ON DELETE CASCADE ON UPDATE CASCADE,
  ADD CONSTRAINT `estudiantes_ibfk_2` FOREIGN KEY (`id_estado`) REFERENCES `estados` (`id_estado`) ON DELETE CASCADE ON UPDATE CASCADE;

--
-- Filtros para la tabla `informacion_nutricional`
--
ALTER TABLE `informacion_nutricional`
  ADD CONSTRAINT `informacion_nutricional_ibfk_1` FOREIGN KEY (`id_producto`) REFERENCES `producto` (`id_producto`) ON DELETE CASCADE ON UPDATE CASCADE;

--
-- Filtros para la tabla `licencias`
--
ALTER TABLE `licencias`
  ADD CONSTRAINT `licencias_ibfk_1` FOREIGN KEY (`id_tipo`) REFERENCES `tipo_licencia` (`id_tipo`) ON DELETE CASCADE ON UPDATE CASCADE,
  ADD CONSTRAINT `licencias_ibfk_2` FOREIGN KEY (`id_escuela`) REFERENCES `escuelas` (`id_escuela`) ON DELETE CASCADE ON UPDATE CASCADE;

--
-- Filtros para la tabla `pedidos`
--
ALTER TABLE `pedidos`
  ADD CONSTRAINT `pedidos_ibfk_1` FOREIGN KEY (`documento`) REFERENCES `usuarios` (`documento`) ON DELETE CASCADE ON UPDATE CASCADE,
  ADD CONSTRAINT `pedidos_ibfk_2` FOREIGN KEY (`id_met_pago`) REFERENCES `metodos_pago` (`id_met_pago`) ON DELETE CASCADE ON UPDATE CASCADE,
  ADD CONSTRAINT `pedidos_ibfk_3` FOREIGN KEY (`id_estado`) REFERENCES `estados` (`id_estado`) ON DELETE CASCADE ON UPDATE CASCADE;

--
-- Filtros para la tabla `producto`
--
ALTER TABLE `producto`
  ADD CONSTRAINT `producto_ibfk_1` FOREIGN KEY (`id_categoria`) REFERENCES `categorias` (`id_categoria`) ON DELETE CASCADE ON UPDATE CASCADE,
  ADD CONSTRAINT `producto_ibfk_2` FOREIGN KEY (`id_marca`) REFERENCES `marcas` (`id_marca`) ON DELETE CASCADE ON UPDATE CASCADE;

--
-- Filtros para la tabla `usuarios`
--
ALTER TABLE `usuarios`
  ADD CONSTRAINT `usuarios_ibfk_1` FOREIGN KEY (`id_rol`) REFERENCES `roles` (`id_rol`) ON DELETE CASCADE ON UPDATE CASCADE,
  ADD CONSTRAINT `usuarios_ibfk_2` FOREIGN KEY (`id_estado`) REFERENCES `estados` (`id_estado`) ON DELETE CASCADE ON UPDATE CASCADE;
COMMIT;

/*!40101 SET CHARACTER_SET_CLIENT=@OLD_CHARACTER_SET_CLIENT */;
/*!40101 SET CHARACTER_SET_RESULTS=@OLD_CHARACTER_SET_RESULTS */;
/*!40101 SET COLLATION_CONNECTION=@OLD_COLLATION_CONNECTION */;
